name,mobile_number,email
John Doe,1234567890,john@example.com
Jane Smith,2345678901,jane@example.com
Alice Johnson,3456789012,alice@example.com
Bob Brown,4567890123,bob@example.com
Charlie Davis,5678901234,charlie@example.com
David Evans,6789012345,david@example.com
Eva Green,7890123456,eva@example.com
Frank Harris,8901234567,frank@example.com
Grace Jackson,9012345678,grace@example.com
Henry King,1123456789,henry@example.com
Ivy Lewis,2234567890,ivy@example.com
Jack Miller,3345678901,jack@example.com
Kathy Nelson,4456789012,kathy@example.com
Liam O'Neil,5567890123,liam@example.com
Mona Parker,6678901234,mona@example.com
Nick Quinn,7789012345,nick@example.com
Olivia Reed,8890123456,olivia@example.com
Paul Scott,9901234567,paul@example.com
Quincy Taylor,1012345678,quincy@example.com
Rachel Underwood,2113456789,rachel@example.com
Steve Vincent,3224567890,steve@example.com
Tina White,4335678901,tina@example.com
Uma Xavier,5446789012,uma@example.com
Victor Young,6557890123,victor@example.com
Wendy Zane,7668901234,wendy@example.com
Xander Brown,8779012345,xander@example.com
Yara Clark,9880123456,yara@example.com
Zachary Davis,1091234567,zachary@example.com
Alan Edwards,2192345678,alan@example.com
Beth Foster,3293456789,beth@example.com
Carl Grant,4394567890,carl@example.com
Diana Hayes,5495678901,diana@example.com
Ethan Irvine,6596789012,ethan@example.com
Fiona James,7697890123,fiona@example.com
George Knight,8798901234,george@example.com
Hannah Lopez,9899012345,hannah@example.com
Ian Mitchell,1010123456,ian@example.com
Julia Norton,1121234567,julia@example.com
Kyle Owens,2232345678,kyle@example.com
Laura Peterson,3343456789,laura@example.com
Mark Quinn,4454567890,mark@example.com
Nina Ross,5565678901,nina@example.com
Owen Smith,6676789012,owen@example.com
Paula Turner,7787890123,paula@example.com
Quinn Underwood,8898901234,quinn@example.com
Randy Vaughn,9909012345,randy@example.com
Sarah White,1010123456,sarah@example.com
Tom Xander,1121234567,tom@example.com
Ursula Young,2232345678,ursula@example.com
Vince Zimmerman,3343456789,vince@example.com
Willa Anderson,4454567890,willa@example.com
Xena Bradley,5565678901,xena@example.com
Yvonne Carter,6676789012,yvonne@example.com
Zane Donovan,7787890123,zane@example.com
Abby Ellis,8898901234,abby@example.com
Brian Ford,9909012345,brian@example.com
Chloe Green,1010123456,chloe@example.com
Derek Hall,1121234567,derek@example.com
Elena Iverson,2232345678,elena@example.com
Fred Johnson,3343456789,fred@example.com
Gina King,4454567890,gina@example.com
Howard Lee,5565678901,howard@example.com
Isla Moore,6676789012,isla@example.com
Jake Nelson,7787890123,jake@example.com
Kelly O'Connell,8898901234,kelly@example.com
Leo Parker,9909012345,leo@example.com
Maya Quinn,1010123456,maya@example.com
Noah Robinson,1121234567,noah@example.com
Olivia Stone,2232345678,olivia@example.com
Peter Thomas,3343456789,peter@example.com
Quincy Underwood,4454567890,quincy@example.com
Rose Vaughn,5565678901,rose@example.com
Sam Walker,6676789012,sam@example.com
Tara Xander,7787890123,tara@example.com
Ulysses Young,8898901234,ulysses@example.com
Vera Zimmerman,9909012345,vera@example.com
Will Adams,1010123456,will@example.com
Xander Brown,1121234567,xander@example.com
Yara Clark,2232345678,yara@example.com
Zach Davis,3343456789,zach@example.com
Amy Edwards,4454567890,amy@example.com
Ben Foster,5565678901,ben@example.com
Cathy Grant,6676789012,cathy@example.com
Dan Hayes,7787890123,dan@example.com
Eve Irvine,8898901234,eve@example.com
Frank James,9909012345,frank@example.com
Gail Knight,1010123456,gail@example.com
Harry Lopez,1121234567,harry@example.com
Ivy Miller,2232345678,ivy@example.com
Jack Nelson,3343456789,jack@example.com
Karen Owens,4454567890,karen@example.com
Luke Peterson,5565678901,luke@example.com
Mia Quinn,6676789012,mia@example.com
Nathan Ross,7787890123,nathan@example.com
Olivia Scott,8898901234,olivia@example.com
Paul Turner,9909012345,paul@example.com
Quinn Underwood,1010123456,quinn@example.com
Rita Vaughn,1121234567,rita@example.com
Steve White,2232345678,steve@example.com
Tina Xander,3343456789,tina@example.com
